date	status	day0	day-1	day-2	day-3	...
2021-11-08	hospital_patients	1.061	973	959	979	961	920	878	776	699	671	647	602	532	528
2021-11-08	ICU_patients	268	256	256	240	232	224	205	199	179	179	180	172	159	149
2021-11-08	7-day_hospitalizations_byMeldedatum	7,69	8,21	9,17	10,18	11,04	11,19	11,17	10,7	10,67	10,28	10,7	10,11	9,59	8,45
2021-11-09	hospital_patients	1.149	1.061	973	959	979	961	920	878	776	699	671	647	602	532
2021-11-09	ICU_patients	269	268	256	256	240	232	224	205	199	179	179	180	172	159
2021-11-09	7-day_hospitalizations_byMeldedatum	6,98	9,24	9,54	10,4	11,12	11,76	11,86	11,34	10,82	10,82	10,38	10,8	10,16	9,61
2021-11-10	hospital_patients	1.189	1.149	1.061	973	959	979	961	920	878	776	699	671	647	602
2021-11-10	ICU_patients	288	269	268	256	256	240	232	224	205	199	179	179	180	172
2021-11-10	7-day_hospitalizations_byMeldedatum	6,41	8,92	10,33	10,53	11,36	11,88	12,3	12,13	11,56	11,04	11,04	10,53	10,92	10,25
2021-11-11	hospital_patients	1.204	1.189	1.149	1.061	973	959	979	961	920	878	776	699	671	647
2021-11-11	ICU_patients	317	288	269	268	256	256	240	232	224	205	199	179	179	180
2021-11-11	7-day_hospitalizations_byMeldedatum	6,58	8,41	10,6	11,63	11,71	12,32	12,72	12,94	12,62	11,93	11,36	11,34	10,82	11,09
2021-11-12	hospital_patients	1.217	1.204	1.189	1.149	1.061	973	959	979	961	920	878	776	699	671
2021-11-12	ICU_patients	291	317	288	269	268	256	256	240	232	224	205	199	179	179
2021-11-12	7-day_hospitalizations_byMeldedatum	6,21	8,06	9,02	11,12	12,03	12,13	12,77	13,11	13,26	12,92	12,15	11,61	11,54	10,97
2021-11-13	hospital_patients	1.200	1.217	1.204	1.189	1.149	1.061	973	959	979	961	920	878	776	699
2021-11-13	ICU_patients	306	291	317	288	269	268	256	256	240	232	224	205	199	179
2021-11-13	7-day_hospitalizations_byMeldedatum	6,61	7,84	9,12	9,91	11,61	12,45	12,6	13,09	13,34	13,51	13,09	12,3	11,71	11,59
2021-11-15	hospital_patients	1.391	1.281	1.200	1.217	1.204	1.189	1.149	1.061	973	959	979	961	920	878
2021-11-15	ICU_patients	330	315	306	291	317	288	269	268	256	256	240	232	224	205
2021-11-15	7-day_hospitalizations_byMeldedatum	7,15	7,57	8,38	9,29	10,3	10,8	12,3	12,99	13,14	13,51	13,61	13,68	13,24	12,37
2021-11-16	hospital_patients	1.524	1.391	1.281	1.200	1.217	1.204	1.189	1.149	1.061	973	959	979	961	920
2021-11-16	ICU_patients	343	330	315	306	291	317	288	269	268	256	256	240	232	224
2021-11-16	7-day_hospitalizations_byMeldedatum	6,01	7,79	8,08	8,9	9,76	10,72	11,04	12,47	13,09	13,26	13,63	13,75	13,83	13,38
2021-11-17	hospital_patients	1.520	1.524	1.391	1.281	1.200	1.217	1.204	1.189	1.149	1.061	973	959	979	961
2021-11-17	ICU_patients	357	343	330	315	306	291	317	288	269	268	256	256	240	232
2021-11-17	7-day_hospitalizations_byMeldedatum	5,64	7,35	9	9,24	9,93	10,72	11,34	11,51	12,97	13,51	13,68	14	14,1	14,15
2021-11-18	hospital_patients	1.615	1.520	1.524	1.391	1.281	1.200	1.217	1.204	1.189	1.149	1.061	973	959	979
2021-11-18	ICU_patients	369	357	343	330	315	306	291	317	288	269	268	256	256	240
2021-11-18	7-day_hospitalizations_byMeldedatum	4,14	6,38	8,11	9,76	10,01	10,62	11,34	11,81	11,91	13,21	13,73	13,85	14,17	14,25
2021-11-19	hospital_patients	1.638	1.615	1.520	1.524	1.391	1.281	1.200	1.217	1.204	1.189	1.149	1.061	973	959
2021-11-19	ICU_patients	385	369	357	343	330	315	306	291	317	288	269	268	256	256
2021-11-19	7-day_hospitalizations_byMeldedatum	2,39	4,14	6,38	8,11	9,76	10,01	10,62	11,34	11,81	11,91	13,21	13,73	13,85	14,17
2021-11-21	hospital_patients	1.700	1.596	1.638	1.615	1.520	1.524	1.391	1.281	1.200	1.217	1.204	1.189	1.149	1.061
2021-11-21	ICU_patients	446	471	385	369	357	343	330	315	306	291	317	288	269	268
2021-11-21	7-day_hospitalizations_byMeldedatum	4,21	4,73	5,55	6,83	9,14	10,8	12	12,25	12,72	12,84	13,04	12,89	14	14,32
2021-11-22	hospital_patients	1.838	1.700	1.596	1.638	1.615	1.520	1.524	1.391	1.281	1.200	1.217	1.204	1.189	1.149
2021-11-22	ICU_patients	455	446	471	385	369	357	343	330	315	306	291	317	288	269
2021-11-22	7-day_hospitalizations_byMeldedatum	4,39	4,58	5,03	5,79	7,02	9,34	10,97	12,15	12,47	12,94	13,06	13,24	13,01	14,15
2021-11-24	hospital_patients	1.943	1.928	1.838	1.700	1.596	1.638	1.615	1.520	1.524	1.391	1.281	1.200	1.217	1.204
2021-11-24	ICU_patients	533	495	455	446	471	385	369	357	343	330	315	306	291	317
2021-11-24	7-day_hospitalizations_byMeldedatum	5,2	5,87	6,85	7,07	7,69	8,48	9,69	11,76	13,19	13,93	14,1	14,32	14,2	14
2021-11-25	hospital_patients	1.918	1.943	1.928	1.838	1.700	1.596	1.638	1.615	1.520	1.524	1.391	1.281	1.200	1.217
2021-11-25	ICU_patients	534	533	495	455	446	471	385	369	357	343	330	315	306	291
2021-11-25	7-day_hospitalizations_byMeldedatum	5,47	6,14	6,7	7,84	8,13	8,82	9,56	10,82	12,94	14,25	14,96	15,11	15,31	15,13
2021-11-26	hospital_patients	1.963	1.918	1.943	1.928	1.838	1.700	1.596	1.638	1.615	1.520	1.524	1.391	1.281	1.200
2021-11-26	ICU_patients	548	534	533	495	455	446	471	385	369	357	343	330	315	306
2021-11-26	7-day_hospitalizations_byMeldedatum	5,99	7,84	8,31	8,63	9,66	10,01	10,45	11,09	12,05	14,05	15,23	15,85	15,85	16,05
2021-11-27	hospital_patients	1.958	1.963	1.918	1.943	1.928	1.838	1.700	1.596	1.638	1.615	1.520	1.524	1.391	1.281
2021-11-27	ICU_patients	563	548	534	533	495	455	446	471	385	369	357	343	330	315
2021-11-27	7-day_hospitalizations_byMeldedatum	7,32	8,16	9,71	9,91	10,13	10,55	10,82	11,17	11,71	12,55	14,62	15,78	16,39	16,37
2021-11-28	hospital_patients	1.970	1.958	1.963	1.918	1.943	1.928	1.838	1.700	1.596	1.638	1.615	1.520	1.524	1.391
2021-11-28	ICU_patients	575	563	548	534	533	495	455	446	471	385	369	357	343	330
2021-11-28	7-day_hospitalizations_byMeldedatum	6,78	7,64	8,5	9,96	10,11	10,3	10,75	11,04	11,34	11,88	12,79	14,86	16,02	16,61
2021-11-29	hospital_patients	2.079	1.970	1.958	1.963	1.918	1.943	1.928	1.838	1.700	1.596	1.638	1.615	1.520	1.524
2021-11-29	ICU_patients	567	575	563	548	534	533	495	455	446	471	385	369	357	343
2021-11-29	7-day_hospitalizations_byMeldedatum	6,48	6,98	7,81	8,65	9,98	10,13	10,35	10,8	11,09	11,39	11,93	12,82	14,89	16,02
2021-11-30	hospital_patients	2.116	2.079	1.970	1.958	1.963	1.918	1.943	1.928	1.838	1.700	1.596	1.638	1.615	1.520
2021-11-30	ICU_patients	582	567	575	563	548	534	533	495	455	446	471	385	369	357
2021-11-30	7-day_hospitalizations_byMeldedatum	6,11	7,74	8,04	8,63	9,37	10,72	10,77	10,97	11,34	11,63	11,93	12,45	13,19	15,11
2021-12-01	hospital_patients	2.083	2.116	2.079	1.970	1.958	1.963	1.918	1.943	1.928	1.838	1.700	1.596	1.638	1.615
2021-12-01	ICU_patients	586	582	567	575	563	548	534	533	495	455	446	471	385	369
2021-12-01	7-day_hospitalizations_byMeldedatum	5,32	7,2	8,45	8,75	9,34	10,13	11,41	11,51	11,73	12,03	12,13	12,4	12,82	13,53
2021-12-02	hospital_patients	2.074	2.083	2.116	2.079	1.970	1.958	1.963	1.918	1.943	1.928	1.838	1.700	1.596	1.638
2021-12-02	ICU_patients	609	586	582	567	575	563	548	534	533	495	455	446	471	385
2021-12-02	7-day_hospitalizations_byMeldedatum	5,25	6,41	7,86	9,27	9,42	10,06	10,87	12,08	12,35	12,64	12,87	12,99	13,24	13,56
2021-12-03	hospital_patients	2.059	2.074	2.083	2.116	2.079	1.970	1.958	1.963	1.918	1.943	1.928	1.838	1.700	1.596
2021-12-03	ICU_patients	597	609	586	582	567	575	563	548	534	533	495	455	446	471
2021-12-03	7-day_hospitalizations_byMeldedatum	5,87	7,72	8,41	9,83	11,12	11,31	11,91	12,74	13,61	13,63	13,9	13,95	13,95	14,17
2021-12-04	hospital_patients	2.000	2.059	2.074	2.083	2.116	2.079	1.970	1.958	1.963	1.918	1.943	1.928	1.838	1.700
2021-12-04	ICU_patients	580	597	609	586	582	567	575	563	548	534	533	495	455	446
2021-12-04	7-day_hospitalizations_byMeldedatum	7,17	7,81	9,14	9,66	11,17	12,32	12,42	12,97	13,73	14,49	14,4	14,62	14,62	14,57
2021-12-05	hospital_patients	2.000	2.000	2.059	2.074	2.083	2.116	2.079	1.970	1.958	1.963	1.918	1.943	1.928	1.838
2021-12-05	ICU_patients	582	580	597	609	586	582	567	575	563	548	534	533	495	455
2021-12-05	7-day_hospitalizations_byMeldedatum	7,76	8,41	8,6	9,83	10,23	11,56	12,69	12,82	13,34	14,05	14,74	14,62	14,81	14,79
2021-12-06	hospital_patients	2.111	2.000	2.000	2.059	2.074	2.083	2.116	2.079	1.970	1.958	1.963	1.918	1.943	1.928
2021-12-06	ICU_patients	601	582	580	597	609	586	582	567	575	563	548	534	533	495
2021-12-06	7-day_hospitalizations_byMeldedatum	7,59	8,41	8,87	8,9	10,11	10,38	11,73	12,82	12,94	13,46	14,15	14,89	14,79	14,91
2021-12-07	hospital_patients	2.184	2.111	2.000	2.000	2.059	2.074	2.083	2.116	2.079	1.970	1.958	1.963	1.918	1.943
2021-12-07	ICU_patients	593	601	582	580	597	609	586	582	567	575	563	548	534	533
2021-12-07	7-day_hospitalizations_byMeldedatum	6,48	7,72	8,48	8,9	8,92	10,18	10,5	11,91	13,16	13,31	13,85	14,67	15,41	15,28
2021-12-08	hospital_patients	2.098	2.184	2.111	2.000	2.000	2.059	2.074	2.083	2.116	2.079	1.970	1.958	1.963	1.918
2021-12-08	ICU_patients	575	593	601	582	580	597	609	586	582	567	575	563	548	534
2021-12-08	7-day_hospitalizations_byMeldedatum	9,56	11,07	10,85	11,02	11,14	10,85	11,81	11,98	13,31	14,86	15,16	15,78	16,44	17,25
2021-12-09	hospital_patients	2.077	2.098	2.184	2.111	2.000	2.000	2.059	2.074	2.083	2.116	2.079	1.970	1.958	1.963
2021-12-09	ICU_patients	567	575	593	601	582	580	597	609	586	582	567	575	563	548
2021-12-09	7-day_hospitalizations_byMeldedatum	9,93	11,78	12,57	12,35	12,52	12,67	12,3	13,21	13,38	14,47	15,85	16,22	16,76	17,48
2021-12-10	hospital_patients	2.011	2.077	2.098	2.184	2.111	2.000	2.000	2.059	2.074	2.083	2.116	2.079	1.970	1.958
2021-12-10	ICU_patients	589	567	575	593	601	582	580	597	609	586	582	567	575	563
2021-12-10	7-day_hospitalizations_byMeldedatum	10,28	12,03	13,38	14,1	13,56	13,73	13,95	13,48	14,3	14,32	15,41	16,84	17,25	17,85
2021-12-11	hospital_patients	1.908	2.011	2.077	2.098	2.184	2.111	2.000	2.000	2.059	2.074	2.083	2.116	2.079	1.970
2021-12-11	ICU_patients	580	589	567	575	593	601	582	580	597	609	586	582	567	575
2021-12-11	7-day_hospitalizations_byMeldedatum	9,66	12	13,19	14,35	15,06	14,44	14,42	14,59	14,17	14,99	15,16	16,32	17,8	18,24
2021-12-12	hospital_patients	1.906	1.908	2.011	2.077	2.098	2.184	2.111	2.000	2.000	2.059	2.074	2.083	2.116	2.079
2021-12-12	ICU_patients	578	580	589	567	575	593	601	582	580	597	609	586	582	567
2021-12-12	7-day_hospitalizations_byMeldedatum	9,29	10,33	12,28	13,51	14,62	15,36	14,69	14,62	14,76	14,44	15,26	15,5	16,71	18,17
2021-12-13	hospital_patients	1.989	1.906	1.908	2.011	2.077	2.098	2.184	2.111	2.000	2.000	2.059	2.074	2.083	2.116
2021-12-13	ICU_patients	587	578	580	589	567	575	593	601	582	580	597	609	586	582
2021-12-13	7-day_hospitalizations_byMeldedatum	8,92	10,16	10,94	12,69	13,93	14,99	15,73	15,16	15,06	15,13	14,89	15,63	15,85	16,98
2021-12-14	hospital_patients	1.970	1.989	1.906	1.908	2.011	2.077	2.098	2.184	2.111	2.000	2.000	2.059	2.074	2.083
2021-12-14	ICU_patients	601	587	578	580	589	567	575	593	601	582	580	597	609	586
2021-12-14	7-day_hospitalizations_byMeldedatum	7,72	10,25	11,12	11,71	13,36	14,52	15,45	16,15	15,6	15,5	15,7	15,33	16,05	16,22
2021-12-15	hospital_patients	1.907	1.970	1.989	1.906	1.908	2.011	2.077	2.098	2.184	2.111	2.000	2.000	2.059	2.074
2021-12-15	ICU_patients	590	601	587	578	580	589	567	575	593	601	582	580	597	609
2021-12-15	7-day_hospitalizations_byMeldedatum	7,59	9,69	11,78	12,57	13,16	14,54	15,78	16,71	17,28	16,64	16,56	16,59	16,15	16,74
2021-12-16	hospital_patients	1.854	1.907	1.970	1.989	1.906	1.908	2.011	2.077	2.098	2.184	2.111	2.000	2.000	2.059
2021-12-16	ICU_patients	588	590	601	587	578	580	589	567	575	593	601	582	580	597
2021-12-16	7-day_hospitalizations_byMeldedatum	7,69	9,29	10,53	12,52	13,34	13,88	15,16	16,32	17,28	17,72	17,03	16,98	17,01	16,47
2021-12-17	hospital_patients	1.745	1.854	1.907	1.970	1.989	1.906	1.908	2.011	2.077	2.098	2.184	2.111	2.000	2.000
2021-12-17	ICU_patients	583	588	590	601	587	578	580	589	567	575	593	601	582	580
2021-12-17	7-day_hospitalizations_byMeldedatum	7,79	9,34	10,43	11,61	13,75	14,64	15,04	16,17	17,43	18,46	18,81	18,07	17,99	18,07
2021-12-18	hospital_patients	1.591	1.745	1.854	1.907	1.970	1.989	1.906	1.908	2.011	2.077	2.098	2.184	2.111	2.000
2021-12-18	ICU_patients	584	583	588	590	601	587	578	580	589	567	575	593	601	582
2021-12-18	7-day_hospitalizations_byMeldedatum	7,3	9,27	10,65	11,59	12,6	14,57	15,43	15,82	16,81	17,99	18,91	19,15	18,44	18,39
2021-12-19	hospital_patients	1.580	1.591	1.745	1.854	1.907	1.970	1.989	1.906	1.908	2.011	2.077	2.098	2.184	2.111
2021-12-19	ICU_patients	593	584	583	588	590	601	587	578	580	589	567	575	593	601
2021-12-19	7-day_hospitalizations_byMeldedatum	7,52	8,55	10,38	11,68	12,5	13,24	15,09	15,9	16,32	17,23	18,31	19,2	19,35	18,66
2021-12-20	hospital_patients	1.644	1.580	1.591	1.745	1.854	1.907	1.970	1.989	1.906	1.908	2.011	2.077	2.098	2.184
2021-12-20	ICU_patients	598	593	584	583	588	590	601	587	578	580	589	567	575	593
2021-12-20	7-day_hospitalizations_byMeldedatum	7,3	7,89	8,9	10,65	11,98	12,72	13,43	15,21	16,05	16,44	17,35	18,44	19,28	19,42
2021-12-21	hospital_patients	1.633	1.644	1.580	1.591	1.745	1.854	1.907	1.970	1.989	1.906	1.908	2.011	2.077	2.098
2021-12-21	ICU_patients	587	598	593	584	583	588	590	601	587	578	580	589	567	575
2021-12-21	7-day_hospitalizations_byMeldedatum	6,88	8,73	9,12	10,13	11,68	12,94	13,61	14,25	16,05	16,91	17,13	17,99	18,98	19,77
2021-12-22	hospital_patients	1.553	1.633	1.644	1.580	1.591	1.745	1.854	1.907	1.970	1.989	1.906	1.908	2.011	2.077
2021-12-22	ICU_patients	575	587	598	593	584	583	588	590	601	587	578	580	589	567
2021-12-22	7-day_hospitalizations_byMeldedatum	6,85	9,29	10,6	10,89	11,76	13,11	14,59	15,13	15,68	17,28	18,12	18,26	19,08	19,72
2021-12-23	hospital_patients	1.426	1.553	1.633	1.644	1.580	1.591	1.745	1.854	1.907	1.970	1.989	1.906	1.908	2.011
2021-12-23	ICU_patients	551	575	587	598	593	584	583	588	590	601	587	578	580	589
2021-12-23	7-day_hospitalizations_byMeldedatum	7,32	9,27	10,72	11,61	11,93	12,77	14,07	15,53	16,02	16,56	18,09	18,86	18,96	19,69
2021-12-24	hospital_patients	1.240	1.426	1.553	1.633	1.644	1.580	1.591	1.745	1.854	1.907	1.970	1.989	1.906	1.908
2021-12-24	ICU_patients	543	551	575	587	598	593	584	583	588	590	601	587	578	580
2021-12-24	7-day_hospitalizations_byMeldedatum	8,21	9,22	10,5	11,66	12,57	12,82	13,63	14,79	16,22	16,64	16,98	18,54	19,35	19,4
2021-12-25	hospital_patients	1.175	1.240	1.426	1.553	1.633	1.644	1.580	1.591	1.745	1.854	1.907	1.970	1.989	1.906s
2021-12-25	ICU_patients	529	543	551	575	587	598	593	584	583	588	590	601	587	578s
2021-12-25	7-day_hospitalizations_byMeldedatum	6,46	8,53	9,44	10,65	11,81	12,79	13,01	13,83	15,01	16,42	16,81	17,16	18,63	19,47s
2021-12-26	hospital_patients	1.184	1.175	1.240	1.426	1.553	1.633	1.644	1.580	1.591	1.745	1.854	1.907	1.970	1.989
2021-12-26	ICU_patients	523	529	543	551	575	587	598	593	584	583	588	590	601	587
2021-12-26	7-day_hospitalizations_byMeldedatum	6,19	6,83	8,8	9,66	10,87	12,03	12,99	13,19	14	15,21	16,61	17,01	17,28	18,78
2021-12-27	hospital_patients	1.239	1.184	1.175	1.240	1.426	1.553	1.633	1.644	1.580	1.591	1.745	1.854	1.907	1.970
2021-12-27	ICU_patients	521	523	529	543	551	575	587	598	593	584	583	588	590	601
2021-12-27	7-day_hospitalizations_byMeldedatum	6,14	6,66	7,2	9,12	9,93	11,14	12,23	13,16	13,29	14,1	15,28	16,66	17,03	17,33
2021-12-28	hospital_patients	1.262	1.239	1.184	1.175	1.240	1.426	1.553	1.633	1.644	1.580	1.591	1.745	1.854	1.907
2021-12-28	ICU_patients	517	521	523	529	543	551	575	587	598	593	584	583	588	590
2021-12-28	7-day_hospitalizations_byMeldedatum	6,38	7,72	7,99	8,36	10,18	10,85	11,93	12,77	13,61	13,7	14,54	15,68	16,96	17,25
2021-12-29	hospital_patients	1.219	1.262	1.239	1.184	1.175	1.240	1.426	1.553	1.633	1.644	1.580	1.591	1.745	1.854
2021-12-29	ICU_patients	497	517	521	523	529	543	551	575	587	598	593	584	583	588
2021-12-29	7-day_hospitalizations_byMeldedatum	5,42	7,76	8,8	8,97	9,39	11,26	11,81	12,64	13,38	14,07	14,2	14,99	16,05	17,4
2021-12-30	hospital_patients	1.176	1.219	1.262	1.239	1.184	1.175	1.240	1.426	1.553	1.633	1.644	1.580	1.591	1.745
2021-12-30	ICU_patients	484	497	517	521	523	529	543	551	575	587	598	593	584	583
2021-12-30	7-day_hospitalizations_byMeldedatum	4,76	6,43	8,41	9,39	9,49	9,93	11,81	12,28	13,09	13,85	14,47	14,59	15,38	16,49
2021-12-31	hospital_patients	1.082	1.176	1.219	1.262	1.239	1.184	1.175	1.240	1.426	1.553	1.633	1.644	1.580	1.591
2021-12-31	ICU_patients	456	484	497	517	521	523	529	543	551	575	587	598	593	584
2021-12-31	7-day_hospitalizations_byMeldedatum	4,09	5,27	6,83	8,8	9,74	9,88	10,35	12,25	12,64	13,41	14,1	14,79	14,89	15,68
2022-01-01	hospital_patients	1.030	1.082	1.176	1.219	1.262	1.239	1.184	1.175	1.240	1.426	1.553	1.633	1.644	1.580
2022-01-01	ICU_patients	443	456	484	497	517	521	523	529	543	551	575	587	598	593
2022-01-01	7-day_hospitalizations_byMeldedatum	3,94	4,49	5,55	7,12	9,1	10,08	10,2	10,72	12,64	13,04	13,8	14,42	15,06	15,18
2022-01-02	hospital_patients	1.042	1.030	1.082	1.176	1.219	1.262	1.239	1.184	1.175	1.240	1.426	1.553	1.633	1.644
2022-01-02	ICU_patients	442	443	456	484	497	517	521	523	529	543	551	575	587	598
2022-01-02	7-day_hospitalizations_byMeldedatum	4,31	4,58	5	5,97	7,52	9,42	10,25	10,33	10,85	12,77	13,16	13,95	14,52	15,16
2022-01-03	hospital_patients	1.091	1.042	1.030	1.082	1.176	1.219	1.262	1.239	1.184	1.175	1.240	1.426	1.553	1.633
2022-01-03	ICU_patients	443	442	443	456	484	497	517	521	523	529	543	551	575	587
2022-01-03	7-day_hospitalizations_byMeldedatum	3,94	4,61	4,76	5,18	6,04	7,59	9,49	10,33	10,38	10,92	12,84	13,24	14,05	14,64
2022-01-04	hospital_patients	1.137	1.091	1.042	1.030	1.082	1.176	1.219	1.262	1.239	1.184	1.175	1.240	1.426	1.553
2022-01-04	ICU_patients	446	443	442	443	456	484	497	517	521	523	529	543	551	575
2022-01-04	7-day_hospitalizations_byMeldedatum	3,2	4,68	5,25	5,47	5,84	6,53	7,94	9,91	10,6	10,62	11,04	12,99	13,46	14,32
2022-01-05	hospital_patients	1.028	1.137	1.091	1.042	1.030	1.082	1.176	1.219	1.262	1.239	1.184	1.175	1.240	1.426
2022-01-05	ICU_patients	414	446	443	442	443	456	484	497	517	521	523	529	543	551
2022-01-05	7-day_hospitalizations_byMeldedatum	3,6	4,93	5,92	6,41	6,53	6,88	7,44	8,63	10,4	11,04	11,12	11,66	13,48	13,9
2022-01-06	hospital_patients	997	1.028	1.137	1.091	1.042	1.030	1.082	1.176	1.219	1.262	1.239	1.184	1.175	1.240
2022-01-06	ICU_patients	397	414	446	443	442	443	456	484	497	517	521	523	529	543
2022-01-06	7-day_hospitalizations_byMeldedatum	3,89	4,76	5,72	6,53	7	7,02	7,22	7,81	8,87	10,55	11,26	11,29	11,91	13,78
2022-01-07	hospital_patients	928	997	1.028	1.137	1.091	1.042	1.030	1.082	1.176	1.219	1.262	1.239	1.184	1.175
2022-01-07	ICU_patients	383	397	414	446	443	442	443	456	484	497	517	521	523	529
2022-01-07	7-day_hospitalizations_byMeldedatum	4,19	5,13	5,74	6,48	7,25	7,59	7,62	7,81	8,28	9,34	10,97	11,61	11,71	12,32
2022-01-08	hospital_patients	866	928	997	1.028	1.137	1.091	1.042	1.030	1.082	1.176	1.219	1.262	1.239	1.184
2022-01-08	ICU_patients	376	383	397	414	446	443	442	443	456	484	497	517	521	523
2022-01-08	7-day_hospitalizations_byMeldedatum	4,86	5,42	5,87	6,31	6,83	7,52	7,91	7,91	8,08	8,58	9,61	11,22	11,81	11,86
2022-01-09	hospital_patients	846	866	928	997	1.028	1.137	1.091	1.042	1.030	1.082	1.176	1.219	1.262	1.239
2022-01-09	ICU_patients	371	376	383	397	414	446	443	442	443	456	484	497	517	521
2022-01-09	7-day_hospitalizations_byMeldedatum	4,39	4,95	5,5	6,01	6,41	6,9	7,57	7,96	7,99	8,16	8,6	9,64	11,26	11,86
2022-01-10	hospital_patients	860	846	866	928	997	1.028	1.137	1.091	1.042	1.030	1.082	1.176	1.219	1.262
2022-01-10	ICU_patients	370	371	376	383	397	414	446	443	442	443	456	484	497	517
2022-01-10	7-day_hospitalizations_byMeldedatum	4,12	4,56	5,05	5,57	6,09	6,51	7	7,59	7,99	8,01	8,18	8,6	9,64	11,26
2022-01-11	hospital_patients	847	860	846	866	928	997	1.028	1.137	1.091	1.042	1.030	1.082	1.176	1.219
2022-01-11	ICU_patients	356	370	371	376	383	397	414	446	443	442	443	456	484	497
2022-01-11	7-day_hospitalizations_byMeldedatum	3,82	5	5,23	5,69	6,09	6,51	6,88	7,3	7,72	8,11	8,11	8,28	8,68	9,71
2022-01-12	hospital_patients	772	847	860	846	866	928	997	1.028	1.137	1.091	1.042	1.030	1.082	1.176
2022-01-12	ICU_patients	349	356	370	371	376	383	397	414	446	443	442	443	456	484
2022-01-12	7-day_hospitalizations_byMeldedatum	3,52	4,83	5,82	6,04	6,48	6,8	7,2	7,44	7,79	8,06	8,45	8,41	8,53	8,87
2022-01-13	hospital_patients	715	772	847	860	846	866	928	997	1.028	1.137	1.091	1.042	1.030	1.082
2022-01-13	ICU_patients	347	349	356	370	371	376	383	397	414	446	443	442	443	456
2022-01-13	7-day_hospitalizations_byMeldedatum	3,16	4,14	5,23	6,19	6,38	6,75	7,1	7,54	7,72	8,06	8,23	8,63	8,58	8,65
2022-01-14	hospital_patients	654	715	772	847	860	846	866	928	997	1.028	1.137	1.091	1.042	1.030
2022-01-14	ICU_patients	325	347	349	356	370	371	376	383	397	414	446	443	442	443
2022-01-14	7-day_hospitalizations_byMeldedatum	2,81	3,7	4,41	5,5	6,66	6,88	7,2	7,47	7,94	8,16	8,45	8,55	8,92	8,87
2022-01-15	hospital_patients	554	654	715	772	847	860	846	866	928	997	1.028	1.137	1.091	1.042
2022-01-15	ICU_patients	319	325	347	349	356	370	371	376	383	397	414	446	443	442
2022-01-15	7-day_hospitalizations_byMeldedatum	2,96	3,28	3,92	4,68	5,74	6,9	7,1	7,39	7,67	8,13	8,31	8,65	8,75	9,12
2022-01-16	hospital_patients	538	554	654	715	772	847	860	846	866	928	997	1.028	1.137	1.091
2022-01-16	ICU_patients	302	319	325	347	349	356	370	371	376	383	397	414	446	443
2022-01-16	7-day_hospitalizations_byMeldedatum	2,64	3,03	3,35	3,99	4,76	5,82	7	7,17	7,47	7,74	8,18	8,38	8,73	8,8
2022-01-17	hospital_patients	544	538	554	654	715	772	847	860	846	866	928	997	1.028	1.137
2022-01-17	ICU_patients	293	302	319	325	347	349	356	370	371	376	383	397	414	446
2022-01-17	7-day_hospitalizations_byMeldedatum	2,39	2,74	3,08	3,35	4,02	4,78	5,87	7,05	7,22	7,52	7,81	8,26	8,45	8,78
2022-01-18	hospital_patients	515	544	538	554	654	715	772	847	860	846	866	928	997	1.028
2022-01-18	ICU_patients	285	293	302	319	325	347	349	356	370	371	376	383	397	414
2022-01-18	7-day_hospitalizations_byMeldedatum	2	2,79	3,03	3,35	3,57	4,21	4,98	6,06	7,27	7,42	7,72	7,96	8,36	8,53
2022-01-19	hospital_patients	492	515	544	538	554	654	715	772	847	860	846	866	928	997
2022-01-19	ICU_patients	254	285	293	302	319	325	347	349	356	370	371	376	383	397
2022-01-19	7-day_hospitalizations_byMeldedatum	2	2,34	2,93	3,16	3,48	3,67	4,31	5,1	6,19	7,37	7,54	7,81	7,99	8,48
2022-01-20	hospital_patients	432	492	515	544	538	554	654	715	772	847	860	846	866	928
2022-01-20	ICU_patients	244	254	285	293	302	319	325	347	349	356	370	371	376	383
2022-01-20	7-day_hospitalizations_byMeldedatum	2,27	2,69	2,69	3,2	3,4	3,72	3,85	4,51	5,27	6,29	7,44	7,62	7,91	8,11
2022-01-21	hospital_patients	404	432	492	515	544	538	554	654	715	772	847	860	846	866
2022-01-21	ICU_patients	233	244	254	285	293	302	319	325	347	349	356	370	371	376
2022-01-21	7-day_hospitalizations_byMeldedatum	2,34	2,59	2,88	2,91	3,38	3,55	3,87	4,02	4,68	5,42	6,41	7,57	7,74	8,01
2022-01-22	hospital_patients	344	404	432	492	515	544	538	554	654	715	772	847	860	846
2022-01-22	ICU_patients	217	233	244	254	285	293	302	319	325	347	349	356	370	371
2022-01-22	7-day_hospitalizations_byMeldedatum	2,81	3,08	3,01	3,13	3,06	3,5	3,67	3,97	4,14	4,76	5,47	6,46	7,59	7,76
2022-01-23	hospital_patients	341	344	404	432	492	515	544	538	554	654	715	772	847	860
2022-01-23	ICU_patients	210	217	233	244	254	285	293	302	319	325	347	349	356	370
2022-01-23	7-day_hospitalizations_byMeldedatum	2,96	3,06	3,33	3,16	3,23	3,16	3,55	3,72	4,02	4,14	4,76	5,47	6,46	7,62
2022-01-24	hospital_patients	353	341	344	404	432	492	515	544	538	554	654	715	772	847
2022-01-24	ICU_patients	212	210	217	233	244	254	285	293	302	319	325	347	349	356
2022-01-24	7-day_hospitalizations_byMeldedatum	3,13	3,3	3,35	3,52	3,23	3,28	3,18	3,55	3,72	4,02	4,14	4,76	5,47	6,46
2022-01-25	hospital_patients	372	353	341	344	404	432	492	515	544	538	554	654	715	772
2022-01-25	ICU_patients	211	212	210	217	233	244	254	285	293	302	319	325	347	349
2022-01-25	7-day_hospitalizations_byMeldedatum	2,93	3,4	3,55	3,52	3,62	3,33	3,35	3,23	3,55	3,72	4,02	4,14	4,86	5,55
2022-01-26	hospital_patients	390	372	353	341	344	404	432	492	515	544	538	554	654	715
2022-01-26	ICU_patients	206	211	212	210	217	233	244	254	285	293	302	319	325	347
2022-01-26	7-day_hospitalizations_byMeldedatum	2,98	3,75	3,82	3,8	3,7	3,75	3,43	3,4	3,28	3,57	3,75	4,02	4,14	4,88
2022-01-27	hospital_patients	393	390	372	353	341	344	404	432	492	515	544	538	554	654
2022-01-27	ICU_patients	203	206	211	212	210	217	233	244	254	285	293	302	319	325
2022-01-27	7-day_hospitalizations_byMeldedatum	3,18	3,8	4,09	3,99	3,97	3,87	3,89	3,6	3,45	3,3	3,6	3,77	4,04	4,17
2022-01-28	hospital_patients	382	393	390	372	353	341	344	404	432	492	515	544	538	554
2022-01-28	ICU_patients	192	203	206	211	212	210	217	233	244	254	285	293	302	319
2022-01-28	7-day_hospitalizations_byMeldedatum	3,2	3,87	4,12	4,26	4,14	4,09	3,97	3,97	3,67	3,5	3,35	3,62	3,8	4,07
2022-01-29	hospital_patients	366	382	393	390	372	353	341	344	404	432	492	515	544	538
2022-01-29	ICU_patients	168	192	203	206	211	212	210	217	233	244	254	285	293	302
2022-01-29	7-day_hospitalizations_byMeldedatum	3,7	4,09	4,36	4,41	4,46	4,26	4,21	4,04	4,04	3,72	3,52	3,35	3,65	3,82
2022-01-30	hospital_patients	361	366	382	393	390	372	353	341	344	404	432	492	515	544
2022-01-30	ICU_patients	167	168	192	203	206	211	212	210	217	233	244	254	285	293
2022-01-30	7-day_hospitalizations_byMeldedatum	3,55	3,87	4,17	4,39	4,44	4,49	4,31	4,26	4,09	4,09	3,75	3,55	3,38	3,65
2022-01-31	hospital_patients	401	361	366	382	393	390	372	353	341	344	404	432	492	515
2022-01-31	ICU_patients	174	167	168	192	203	206	211	212	210	217	233	244	254	285
2022-01-31	7-day_hospitalizations_byMeldedatum	3,33	3,57	3,87	4,17	4,39	4,44	4,49	4,31	4,29	4,12	4,12	3,77	3,57	3,4
2022-02-01	hospital_patients	419	401	361	366	382	393	390	372	353	341	344	404	432	492
2022-02-01	ICU_patients	154	174	167	168	192	203	206	211	212	210	217	233	244	254
2022-02-01	7-day_hospitalizations_byMeldedatum	3,16	3,92	4,07	4,14	4,34	4,56	4,61	4,63	4,44	4,41	4,24	4,19	3,85	3,62
2022-02-02	hospital_patients	419	419	401	361	366	382	393	390	372	353	341	344	404	432
2022-02-02	ICU_patients	148	154	174	167	168	192	203	206	211	212	210	217	233	244
2022-02-02	7-day_hospitalizations_byMeldedatum	3,43	4,07	4,31	4,41	4,41	4,54	4,73	4,81	4,86	4,58	4,51	4,31	4,26	3,94
2022-02-03	hospital_patients	437	419	419	401	361	366	382	393	390	372	353	341	344	404
2022-02-03	ICU_patients	134	148	154	174	167	168	192	203	206	211	212	210	217	233
2022-02-03	7-day_hospitalizations_byMeldedatum	3,62	4,24	4,39	4,56	4,58	4,58	4,66	4,83	4,86	4,93	4,66	4,58	4,39	4,29
2022-02-04	hospital_patients	457	437	419	419	401	361	366	382	393	390	372	353	341	344
2022-02-04	ICU_patients	138	134	148	154	174	167	168	192	203	206	211	212	210	217
2022-02-04	7-day_hospitalizations_byMeldedatum	4,31	4,71	4,71	4,61	4,71	4,68	4,68	4,76	4,91	4,91	4,98	4,68	4,61	4,41
2022-02-05	hospital_patients	454	457	437	419	419	401	361	366	382	393	390	372	353	341
2022-02-05	ICU_patients	135	138	134	148	154	174	167	168	192	203	206	211	212	210
2022-02-05	7-day_hospitalizations_byMeldedatum	4,39	4,95	4,88	4,88	4,78	4,83	4,81	4,81	4,88	5	4,95	4,98	4,71	4,63
2022-02-07	hospital_patients	501	466	454	457	437	419	419	401	361	366	382	393	390	372
2022-02-07	ICU_patients	143	139	135	138	134	148	154	174	167	168	192	203	206	211
2022-02-07	7-day_hospitalizations_byMeldedatum	4,31	4,63	4,98	5,23	5	5	4,91	4,93	4,88	4,86	4,93	5,05	4,98	5
2022-02-08	hospital_patients	555	501	466	454	457	437	419	419	401	361	366	382	393	390
2022-02-08	ICU_patients	149	143	139	135	138	134	148	154	174	167	168	192	203	206
2022-02-08	7-day_hospitalizations_byMeldedatum	3,94	4,73	4,93	5,25	5,4	5,23	5,2	5,05	5,03	5	5	5,05	5,13	5,03
2022-02-09	hospital_patients	600	555	501	466	454	457	437	419	419	401	361	366	382	393
2022-02-09	ICU_patients	147	149	143	139	135	138	134	148	154	174	167	168	192	203
2022-02-09	7-day_hospitalizations_byMeldedatum	4,41	5,37	5,4	5,55	5,67	5,62	5,37	5,32	5,13	5,13	5,1	5,1	5,13	5,18
2022-02-10	hospital_patients	630	600	555	501	466	454	457	437	419	419	401	361	366	382
2022-02-10	ICU_patients	144	147	149	143	139	135	138	134	148	154	174	167	168	192
2022-02-10	7-day_hospitalizations_byMeldedatum	5,1	5,82	5,99	5,67	5,72	5,84	5,79	5,55	5,5	5,27	5,3	5,27	5,27	5,3
2022-02-11	hospital_patients	635	630	600	555	501	466	454	457	437	419	419	401	361	366
2022-02-11	ICU_patients	141	144	147	149	143	139	135	138	134	148	154	174	167	168
2022-02-11	7-day_hospitalizations_byMeldedatum	5,05	5,87	6,31	6,33	5,84	5,87	5,97	5,89	5,6	5,52	5,27	5,3	5,27	5,27
2022-02-12	hospital_patients	613	635	630	600	555	501	466	454	457	437	419	419	401	361
2022-02-12	ICU_patients	133	141	144	147	149	143	139	135	138	134	148	154	174	167
2022-02-12	7-day_hospitalizations_byMeldedatum	5,4	6,04	6,38	6,56	6,63	6,11	6,09	6,16	6,04	5,69	5,62	5,32	5,3	5,27
2022-02-13	hospital_patients	620	613	635	630	600	555	501	466	454	457	437	419	419	401
2022-02-13	ICU_patients	153	133	141	144	147	149	143	139	135	138	134	148	154	174
2022-02-13	7-day_hospitalizations_byMeldedatum	5,27	5,62	6,14	6,46	6,61	6,7	6,21	6,19	6,26	6,14	5,79	5,69	5,35	5,3
2022-02-14	hospital_patients	679	620	613	635	630	600	555	501	466	454	457	437	419	419
2022-02-14	ICU_patients	151	153	133	141	144	147	149	143	139	135	138	134	148	154
2022-02-14	7-day_hospitalizations_byMeldedatum	5,08	5,45	5,72	6,21	6,51	6,66	6,7	6,21	6,19	6,26	6,16	5,82	5,72	5,37
2022-02-15	hospital_patients	711	679	620	613	635	630	600	555	501	466	454	457	437	419
2022-02-15	ICU_patients	155	151	153	133	141	144	147	149	143	139	135	138	134	148
2022-02-15	7-day_hospitalizations_byMeldedatum	5,2	6,48	6,46	6,58	6,56	6,75	6,78	6,8	6,33	6,31	6,38	6,29	5,89	5,74
2022-02-16	hospital_patients	715	711	679	620	613	635	630	600	555	501	466	454	457	437
2022-02-16	ICU_patients	155	155	151	153	133	141	144	147	149	143	139	135	138	134
2022-02-16	7-day_hospitalizations_byMeldedatum	5,62	6,88	7,47	7,27	7,17	6,93	6,95	6,9	6,88	6,36	6,33	6,41	6,31	5,94
2022-02-17	hospital_patients	714	715	711	679	620	613	635	630	600	555	501	466	454	457
2022-02-17	ICU_patients	152	155	155	151	153	133	141	144	147	149	143	139	135	138
2022-02-17	7-day_hospitalizations_byMeldedatum	5,92	6,8	7,47	7,81	7,54	7,42	7,07	7,05	7	6,95	6,38	6,36	6,43	6,31
2022-02-18	hospital_patients	782	714	715	711	679	620	613	635	630	600	555	501	466	454
2022-02-18	ICU_patients	151	152	155	155	151	153	133	141	144	147	149	143	139	135
2022-02-18	7-day_hospitalizations_byMeldedatum	6,53	7,47	7,72	7,99	8,08	7,76	7,57	7,25	7,2	7,1	7,05	6,46	6,43	6,53
2022-02-19	hospital_patients	725	782	714	715	711	679	620	613	635	630	600	555	501	466
2022-02-19	ICU_patients	140	151	152	155	155	151	153	133	141	144	147	149	143	139
2022-02-19	7-day_hospitalizations_byMeldedatum	6,46	7,49	8,01	8,08	8,43	8,43	8,11	7,86	7,52	7,39	7,3	7,2	6,58	6,53
2022-02-20	hospital_patients	736	725	782	714	715	711	679	620	613	635	630	600	555	501
2022-02-20	ICU_patients	138	140	151	152	155	155	151	153	133	141	144	147	149	143
2022-02-20	7-day_hospitalizations_byMeldedatum	6,16	6,8	7,72	8,11	8,16	8,5	8,5	8,18	7,94	7,57	7,44	7,32	7,22	6,58
2022-02-21	hospital_patients	806	736	725	782	714	715	711	679	620	613	635	630	600	555
2022-02-21	ICU_patients	140	138	140	151	152	155	155	151	153	133	141	144	147	149
2022-02-21	7-day_hospitalizations_byMeldedatum	5,67	6,36	6,95	7,76	8,13	8,18	8,53	8,53	8,21	7,96	7,57	7,47	7,35	7,25
2022-02-22	hospital_patients	822	806	736	725	782	714	715	711	679	620	613	635	630	600
2022-02-22	ICU_patients	145	140	138	140	151	152	155	155	151	153	133	141	144	147
2022-02-22	7-day_hospitalizations_byMeldedatum	5,4	6,73	7,1	7,59	8,01	8,28	8,33	8,63	8,55	8,23	7,96	7,57	7,49	7,35
2022-02-23	hospital_patients	844	822	806	736	725	782	714	715	711	679	620	613	635	630
2022-02-23	ICU_patients	153	145	140	138	140	151	152	155	155	151	153	133	141	144
2022-02-23	7-day_hospitalizations_byMeldedatum	5,27	6,38	7,35	7,67	8,18	8,45	8,7	8,65	8,9	8,73	8,41	8,08	7,69	7,59
2022-02-24	hospital_patients	859	844	822	806	736	725	782	714	715	711	679	620	613	635
2022-02-24	ICU_patients	152	153	145	140	138	140	151	152	155	155	151	153	133	141
2022-02-24	7-day_hospitalizations_byMeldedatum	4,95	6,21	6,98	7,69	7,96	8,41	8,55	8,8	8,75	8,97	8,75	8,43	8,11	7,72
2022-02-25	hospital_patients	872	859	844	822	806	736	725	782	714	715	711	679	620	613
2022-02-25	ICU_patients	172	152	153	145	140	138	140	151	152	155	155	151	153	133
2022-02-25	7-day_hospitalizations_byMeldedatum	5,18	5,87	6,61	7,32	7,91	8,13	8,55	8,63	8,82	8,8	9,02	8,8	8,53	8,21
2022-02-26	hospital_patients	809	872	859	844	822	806	736	725	782	714	715	711	679	620
2022-02-26	ICU_patients	178	172	152	153	145	140	138	140	151	152	155	155	151	153
2022-02-26	7-day_hospitalizations_byMeldedatum	4,88	6,04	6,56	7,12	7,79	8,31	8,5	8,85	8,87	9,02	9	9,12	8,87	8,6
2022-02-27	hospital_patients	840	809	872	859	844	822	806	736	725	782	714	715	711	679
2022-02-27	ICU_patients	170	178	172	152	153	145	140	138	140	151	152	155	155	151
2022-02-27	7-day_hospitalizations_byMeldedatum	4,76	5,13	6,19	6,73	7,32	7,94	8,41	8,6	8,95	8,97	9,07	9	9,12	8,87
2022-02-28	hospital_patients	903	840	809	872	859	844	822	806	736	725	782	714	715	711
2022-02-28	ICU_patients	178	170	178	172	152	153	145	140	138	140	151	152	155	155
2022-02-28	7-day_hospitalizations_byMeldedatum	4,58	5,13	5,47	6,33	6,83	7,39	7,99	8,43	8,63	8,95	8,97	9,07	9,02	9,14
2022-03-01	hospital_patients	960	903	840	809	872	859	844	822	806	736	725	782	714	715
2022-03-01	ICU_patients	169	178	170	178	172	152	153	145	140	138	140	151	152	155
2022-03-01	7-day_hospitalizations_byMeldedatum	4,21	5,64	6,09	6,29	6,98	7,25	7,74	8,11	8,48	8,68	8,95	9	9,1	9,05
2022-03-03	hospital_patients	945	920	960	903	840	809	872	859	844	822	806	736	725	782
2022-03-03	ICU_patients	177	184	169	178	170	178	172	152	153	145	140	138	140	151
2022-03-03	7-day_hospitalizations_byMeldedatum	6,11	7,12	7,81	8,38	8,53	8,41	8,82	8,82	9,17	9,07	9,1	9,29	9,51	9,39
2022-03-04	hospital_patients	981	945	920	960	903	840	809	872	859	844	822	806	736	725
2022-03-04	ICU_patients	172	177	184	169	178	170	178	172	152	153	145	140	138	140
2022-03-04	7-day_hospitalizations_byMeldedatum	6,58	7,64	8,21	8,5	8,9	9,02	8,78	9,02	9,05	9,32	9,17	9,22	9,42	9,64
2022-03-05	hospital_patients	945	981	945	920	960	903	840	809	872	859	844	822	806	736
2022-03-05	ICU_patients	163	172	177	184	169	178	170	178	172	152	153	145	140	138
2022-03-05	7-day_hospitalizations_byMeldedatum	6,78	7,76	8,43	8,58	8,85	9,27	9,34	9,07	9,34	9,32	9,59	9,44	9,39	9,56
2022-03-06	hospital_patients	956	945	981	945	920	960	903	840	809	872	859	844	822	806
2022-03-06	ICU_patients	136	163	172	177	184	169	178	170	178	172	152	153	145	140
2022-03-06	7-day_hospitalizations_byMeldedatum	6,19	7,02	7,94	8,53	8,73	9,02	9,44	9,51	9,22	9,44	9,39	9,61	9,44	9,39
2022-03-07	hospital_patients	1.013	956	945	981	945	920	960	903	840	809	872	859	844	822
2022-03-07	ICU_patients	178	136	163	172	177	184	169	178	170	178	172	152	153	145
2022-03-07	7-day_hospitalizations_byMeldedatum	5,74	6,26	7,1	7,96	8,53	8,73	9,02	9,44	9,51	9,22	9,44	9,39	9,61	9,44
2022-03-08	hospital_patients	1.042	1.013	956	945	981	945	920	960	903	840	809	872	859	844
2022-03-08	ICU_patients	167	178	136	163	172	177	184	169	178	170	178	172	152	153
2022-03-08	7-day_hospitalizations_byMeldedatum	5,32	6,7	7,02	7,59	8,41	8,8	8,95	9,17	9,59	9,66	9,42	9,56	9,51	9,69
2022-03-09	hospital_patients	1.062	1.042	1.013	956	945	981	945	920	960	903	840	809	872	859
2022-03-09	ICU_patients	180	167	178	136	163	172	177	184	169	178	170	178	172	152
2022-03-09	7-day_hospitalizations_byMeldedatum	5,69	6,73	7,69	7,86	8,31	8,92	9,22	9,27	9,44	9,81	9,86	9,61	9,71	9,61
2022-03-10	hospital_patients	1.098	1.062	1.042	1.013	956	945	981	945	920	960	903	840	809	872
2022-03-10	ICU_patients	179	180	167	178	136	163	172	177	184	169	178	170	178	172
2022-03-10	7-day_hospitalizations_byMeldedatum	6,33	7,62	7,64	8,11	8,18	8,58	9,14	9,37	9,39	9,44	9,86	9,91	9,69	9,74
2022-03-11	hospital_patients	1.132	1.098	1.062	1.042	1.013	956	945	981	945	920	960	903	840	809
2022-03-11	ICU_patients	155	179	180	167	178	136	163	172	177	184	169	178	170	178
2022-03-11	7-day_hospitalizations_byMeldedatum	6,88	7,74	8,13	8,04	8,45	8,55	8,92	9,49	9,74	9,61	9,59	9,96	9,96	9,74
2022-03-13	hospital_patients	1.143	1.092	1.132	1.098	1.062	1.042	1.013	956	945	981	945	920	960	903
2022-03-13	ICU_patients	153	160	155	179	180	167	178	136	163	172	177	184	169	178
2022-03-13	7-day_hospitalizations_byMeldedatum	7,44	8,01	8,28	8,23	8,31	8,13	8,65	8,78	9,05	9,64	9,93	9,83	9,86	10,2
2022-03-14	hospital_patients	1.254	1.143	1.092	1.132	1.098	1.062	1.042	1.013	956	945	981	945	920	960
2022-03-14	ICU_patients	155	153	160	155	179	180	167	178	136	163	172	177	184	169
2022-03-14	7-day_hospitalizations_byMeldedatum	7	7,49	8,04	8,31	8,26	8,33	8,13	8,65	8,78	9,05	9,64	9,93	9,83	9,86
2022-03-15	hospital_patients	1.312	1.254	1.143	1.092	1.132	1.098	1.062	1.042	1.013	956	945	981	945	920
2022-03-15	ICU_patients	171	155	153	160	155	179	180	167	178	136	163	172	177	184
2022-03-15	7-day_hospitalizations_byMeldedatum	7,64	8,8	9	9,17	9	8,6	8,6	8,28	8,78	8,85	9,12	9,69	10,03	9,96
2022-03-16	hospital_patients	1.372	1.312	1.254	1.143	1.092	1.132	1.098	1.062	1.042	1.013	956	945	981	945
2022-03-16	ICU_patients	159	171	155	153	160	155	179	180	167	178	136	163	172	177
2022-03-16	7-day_hospitalizations_byMeldedatum	7,89	9,81	9,64	9,76	9,79	9,56	9,12	9,12	8,58	9,07	9,19	9,37	9,91	10,23
2022-03-17	hospital_patients	1.362	1.372	1.312	1.254	1.143	1.092	1.132	1.098	1.062	1.042	1.013	956	945	981
2022-03-17	ICU_patients	159	159	171	155	153	160	155	179	180	167	178	136	163	172
2022-03-17	7-day_hospitalizations_byMeldedatum	7,74	9,59	10,92	10,33	10,23	10,18	9,96	9,51	9,42	8,8	9,27	9,42	9,56	10,08
2022-03-19	hospital_patients	1.380	1.385	1.362	1.372	1.312	1.254	1.143	1.092	1.132	1.098	1.062	1.042	1.013	956
2022-03-19	ICU_patients	171	166	159	159	171	155	153	160	155	179	180	167	178	136
2022-03-19	7-day_hospitalizations_byMeldedatum	7,84	8,97	10,06	10,92	11,63	10,87	10,72	10,65	10,38	9,74	9,71	8,95	9,44	9,59
2022-03-20	hospital_patients	1.371	1.380	1.385	1.362	1.372	1.312	1.254	1.143	1.092	1.132	1.098	1.062	1.042	1.013
2022-03-20	ICU_patients	152	171	166	159	159	171	155	153	160	155	179	180	167	178
2022-03-20	7-day_hospitalizations_byMeldedatum	7,37	8,16	9,24	10,13	10,99	11,68	10,92	10,77	10,7	10,43	9,74	9,71	8,95	9,44
2022-03-21	hospital_patients	1.462	1.371	1.380	1.385	1.362	1.372	1.312	1.254	1.143	1.092	1.132	1.098	1.062	1.042
2022-03-21	ICU_patients	178	152	171	166	159	159	171	155	153	160	155	179	180	167
2022-03-21	7-day_hospitalizations_byMeldedatum	6,83	7,49	8,26	9,34	10,23	11,07	11,71	10,92	10,77	10,7	10,43	9,74	9,71	8,95
2022-03-22	hospital_patients	1.577	1.462	1.371	1.380	1.385	1.362	1.372	1.312	1.254	1.143	1.092	1.132	1.098	1.062
2022-03-22	ICU_patients	194	178	152	171	166	159	159	171	155	153	160	155	179	180
2022-03-22	7-day_hospitalizations_byMeldedatum	6,9	8,53	9,05	9,66	10,3	10,75	11,41	12,03	11,19	11,07	10,94	10,57	9,86	9,83
2022-03-23	hospital_patients	1.566	1.577	1.462	1.371	1.380	1.385	1.362	1.372	1.312	1.254	1.143	1.092	1.132	1.098
2022-03-23	ICU_patients	186	194	178	152	171	166	159	159	171	155	153	160	155	179
2022-03-23	7-day_hospitalizations_byMeldedatum	7,89	9,32	9,98	10,38	10,75	10,97	11,22	11,81	12,28	11,41	11,31	11,19	10,87	10,11
2022-03-24	hospital_patients	1.496	1.566	1.577	1.462	1.371	1.380	1.385	1.362	1.372	1.312	1.254	1.143	1.092	1.132
2022-03-24	ICU_patients	192	186	194	178	152	171	166	159	159	171	155	153	160	155
2022-03-24	7-day_hospitalizations_byMeldedatum	8,36	9,56	10,53	10,75	11,07	11,26	11,34	11,51	11,95	12,37	11,51	11,39	11,26	10,94
2022-03-25	hospital_patients	1.469	1.496	1.566	1.577	1.462	1.371	1.380	1.385	1.362	1.372	1.312	1.254	1.143	1.092
2022-03-25	ICU_patients	194	192	186	194	178	152	171	166	159	159	171	155	153	160
2022-03-25	7-day_hospitalizations_byMeldedatum	8,21	10,01	10,55	11,19	10,97	11,19	11,36	11,36	11,41	11,88	12,28	11,54	11,46	11,34
2022-03-26	hospital_patients	1.492	1.469	1.496	1.566	1.577	1.462	1.371	1.380	1.385	1.362	1.372	1.312	1.254	1.143
2022-03-26	ICU_patients	190	194	192	186	194	178	152	171	166	159	159	171	155	153
2022-03-26	7-day_hospitalizations_byMeldedatum	8,68	10,01	11,31	11,54	11,71	11,44	11,63	11,78	11,71	11,68	12	12,45	11,61	11,54
2022-03-27	hospital_patients	1.488	1.492	1.469	1.496	1.566	1.577	1.462	1.371	1.380	1.385	1.362	1.372	1.312	1.254
2022-03-27	ICU_patients	191	190	194	192	186	194	178	152	171	166	159	159	171	155
2022-03-27	7-day_hospitalizations_byMeldedatum	8,48	9,1	10,23	11,51	11,66	11,83	11,49	11,66	11,81	11,71	11,71	12,03	12,47	11,61
2022-03-28	hospital_patients	1.493	1.488	1.492	1.469	1.496	1.566	1.577	1.462	1.371	1.380	1.385	1.362	1.372	1.312
2022-03-28	ICU_patients	181	191	190	194	192	186	194	178	152	171	166	159	159	171
2022-03-28	7-day_hospitalizations_byMeldedatum	8,01	8,58	9,17	10,3	11,59	11,71	11,91	11,56	11,68	11,83	11,73	11,76	12,08	12,5
2022-03-29	1.519	1.493	1.488	1.492	1.469	1.496	1.566	1.577	1.462	1.371	1.380	1.385	1.362	1.372
2022-03-29	186	181	191	190	194	192	186	194	178	152	171	166	159	159
2022-03-29	6,63	9,12	9,47	10,08	10,92	11,98	12,05	12,25	11,81	11,86	11,98	11,83	11,88	12,18
2022-03-30	hospital_patients	1.511	1.519	1.493	1.488	1.492	1.469	1.496	1.566	1.577	1.462	1.371	1.380	1.385	1.362
2022-03-30	ICU_patients	188	186	181	191	190	194	192	186	194	178	152	171	166	159
2022-03-30	7-day_hospitalizations_byMeldedatum	 7,07	8,97	10,67	10,85	11,14	11,66	12,42	12,45	12,57	12,03	12,08	12,2	12,1	12,08
2022-03-31	hospital_patients	1.464	1.511	1.519	1.493	1.488	1.492	1.469	1.496	1.566	1.577	1.462	1.371	1.380	1.385
2022-03-31	ICU_patients	188	188	186	181	191	190	194	192	186	194	178	152	171	166
2022-03-31	7-day_hospitalizations_byMeldedatum	 7,62	9,39	10,77	11,81	11,81	11,88	12,18	12,84	12,79	13,01	12,4	12,47	12,55	12,42
2022-04-01	hospital_patients	1.400	1.464	1.511	1.519	1.493	1.488	1.492	1.469	1.496	1.566	1.577	1.462	1.371	1.380
2022-04-01	ICU_patients	187	188	188	186	181	191	190	194	192	186	194	178	152	171
2022-04-01	7-day_hospitalizations_byMeldedatum	 7,99	9,56	10,7	11,73	12,55	12,5	12,47	12,67	13,11	12,97	13,16	12,5	12,57	12,6
2022-04-02	hospital_patients	1.332	1.400	1.464	1.511	1.519	1.493	1.488	1.492	1.469	1.496	1.566	1.577	1.462	1.371
2022-04-02	ICU_patients	184	187	188	188	186	181	191	190	194	192	186	194	178	152
2022-04-02	7-day_hospitalizations_byMeldedatum	 8,11	9,69	10,55	11,29	12,18	12,87	12,77	12,72	12,84	13,21	13,06	13,24	12,6	12,67
2022-04-03	hospital_patients	1.324	1.332	1.400	1.464	1.511	1.519	1.493	1.488	1.492	1.469	1.496	1.566	1.577	1.462
2022-04-03	ICU_patients	195	184	187	188	188	186	181	191	190	194	192	186	194	178
2022-04-03	7-day_hospitalizations_byMeldedatum	 7,74	8,6	10,01	10,7	11,39	12,28	12,99	12,89	12,87	12,99	13,38	13,24	13,41	12,77
2022-04-04	hospital_patients	1.374	1.324	1.332	1.400	1.464	1.511	1.519	1.493	1.488	1.492	1.469	1.496	1.566	1.577
2022-04-04	ICU_patients	201	195	184	187	188	188	186	181	191	190	194	192	186	194
2022-04-04	7-day_hospitalizations_byMeldedatum	7	7,74	8,6	10,01	10,7	11,39	12,28	12,99	12,89	12,87	12,99	13,38	13,24	13,41
2022-04-05	hospital_patients	1.383	1.374	1.324	1.332	1.400	1.464	1.511	1.519	1.493	1.488	1.492	1.469	1.496	1.566
2022-04-05	ICU_patients	181	201	195	184	187	188	188	186	181	191	190	194	192	186
2022-04-05	7-day_hospitalizations_byMeldedatum	 6,43	8,75	9,29	9,86	10,75	11,34	11,93	12,64	13,21	13,11	13,14	13,21	13,53	13,38
2022-04-06	hospital_patients	1.326	1.383	1.374	1.324	1.332	1.400	1.464	1.511	1.519	1.493	1.488	1.492	1.469	1.496
2022-04-06	ICU_patients	180	181	201	195	184	187	188	188	186	181	191	190	194	192
2022-04-06	7-day_hospitalizations_byMeldedatum	 6,7	8,16	9,66	10,03	10,33	10,99	11,54	12,1	12,77	13,41	13,31	13,31	13,38	13,68
2022-04-07	hospital_patients	1.257	1.326	1.383	1.374	1.324	1.332	1.400	1.464	1.511	1.519	1.493	1.488	1.492	1.469
2022-04-07	ICU_patients	180	180	181	201	195	184	187	188	188	186	181	191	190	194
2022-04-07	7-day_hospitalizations_byMeldedatum	 6,19	7,74	8,73	10,11	10,48	10,75	11,29	11,76	12,35	12,99	13,63	13,56	13,56	13,61
2022-04-08	hospital_patients	1.261	1.257	1.326	1.383	1.374	1.324	1.332	1.400	1.464	1.511	1.519	1.493	1.488	1.492
2022-04-08	ICU_patients	195	180	180	181	201	195	184	187	188	188	186	181	191	190
2022-04-08	7-day_hospitalizations_byMeldedatum	 6,14	7,27	8,31	8,9	10,18	10,55	10,82	11,34	11,81	12,35	13,06	13,78	13,7	13,68
2022-04-10	hospital_patients	1.169	1.179	1.261	1.257	1.326	1.383	1.374	1.324	1.332	1.400	1.464	1.511	1.519	1.493
2022-04-10	ICU_patients	167	187	195	180	180	181	201	195	184	187	188	188	186	181
2022-04-10	7-day_hospitalizations_byMeldedatum	 5,97	6,66	7,54	8,13	9	9,42	10,57	10,92	11,26	11,81	12,2	12,74	13,41	14,12
2022-04-11	hospital_patients	1.216	1.169	1.179	1.261	1.257	1.326	1.383	1.374	1.324	1.332	1.400	1.464	1.511	1.519
2022-04-11	ICU_patients	171	167	187	195	180	180	181	201	195	184	187	188	188	186
2022-04-11	7-day_hospitalizations_byMeldedatum	 5,5	5,97	6,66	7,54	8,13	9	9,42	10,57	10,92	11,26	11,81	12,2	12,74	13,41
2022-04-12	hospital_patients	1.170	1.216	1.169	1.179	1.261	1.257	1.326	1.383	1.374	1.324	1.332	1.400	1.464	1.511
2022-04-12	ICU_patients	164	171	167	187	195	180	180	181	201	195	184	187	188	188
2022-04-12	7-day_hospitalizations_byMeldedatum	 5,42	6,7	6,9	7,3	7,76	8,21	9,1	9,51	10,65	10,99	11,34	11,91	12,32	12,89
2022-04-13	hospital_patients	1.166	1.170	1.216	1.169	1.179	1.261	1.257	1.326	1.383	1.374	1.324	1.332	1.400	1.464
2022-04-13	ICU_patients	171	164	171	167	187	195	180	180	181	201	195	184	187	188
2022-04-13	7-day_hospitalizations_byMeldedatum	 5,23	6,56	7,64	7,69	7,96	8,38	8,78	9,56	9,93	10,97	11,29	11,56	12,1	12,47
2022-04-14	hospital_patients	1.094	1.166	1.170	1.216	1.169	1.179	1.261	1.257	1.326	1.383	1.374	1.324	1.332	1.400
2022-04-14	ICU_patients	170	171	164	171	167	187	195	180	180	181	201	195	184	187
2022-04-14	7-day_hospitalizations_byMeldedatum	 5,99	6,85	7,37	8,01	7,96	8,23	8,6	9,02	9,76	10,13	11,09	11,44	11,71	12,25
2022-04-20	hospital_patients	1.058	1.018	1.094	1.094	1.094	1.094	1.094	1.166	1.170	1.216	1.169	1.179	1.261	1.257
2022-04-20	ICU_patients	159	162	170	170	170	170	170	171	164	171	167	187	195	180
2022-04-20	7-day_hospitalizations_byMeldedatum	 2,51	3,75	4,73	5,3	5,89	6,88	7,86	8,23	8,21	8,73	8,55	8,75	9,07	9,39
2022-04-21	hospital_patients	951	1.058	1.018	1.094	1.094	1.094	1.094	1.094	1.166	1.170	1.216	1.169	1.179	1.261
2022-04-21	ICU_patients	143	159	162	170	170	170	170	170	171	164	171	167	187	195
2022-04-21	7-day_hospitalizations_byMeldedatum	 3,8	4,41	4,68	5,67	6,19	6,68	7,49	8,26	8,55	8,53	8,85	8,68	8,85	9,19
2022-04-22	hospital_patients	938	951	1.058	1.018	1.094	1.094	1.094	1.094	1.094	1.166	1.170	1.216	1.169	1.179
2022-04-22	ICU_patients	136	143	159	162	170	170	170	170	170	171	164	171	167	187
2022-04-22	7-day_hospitalizations_byMeldedatum	 3,99	4,56	4,91	4,93	5,92	6,41	6,88	7,67	8,36	8,6	8,55	8,85	8,68	8,85
2022-04-25	hospital_patients	865	938	938	938	951	1.058	1.018	1.094	1.094	1.094	1.094	1.094	1.166	1.170
2022-04-25	ICU_patients	128	136	136	136	143	159	162	170	170	170	170	170	171	164
2022-04-25	7-day_hospitalizations_byMeldedatum	 4,04	4,26	4,56	4,73	5,13	5,3	5,18	6,14	6,58	7	7,79	8,45	8,7	8,63
2022-04-26	hospital_patients	873	865	938	938	938	951	1.058	1.018	1.094	1.094	1.094	1.094	1.094	1.166
2022-04-26	ICU_patients	123	128	136	136	136	143	159	162	170	170	170	170	170	171
2022-04-26	7-day_hospitalizations_byMeldedatum	 5,5	5,69	5,82	5,82	5,4	5,55	5,67	5,4	6,31	6,73	7,15	7,91	8,53	8,7
2022-04-27	hospital_patients	819	873	865	938	938	938	951	1.058	1.018	1.094	1.094	1.094	1.094	1.094
2022-04-27	ICU_patients	104	123	128	136	136	136	143	159	162	170	170	170	170	170
2022-04-27	7-day_hospitalizations_byMeldedatum	 4,71	6,7	6,43	6,36	6,26	5,62	5,64	5,77	5,45	6,33	6,75	7,2	7,99	8,6
2022-04-28	hospital_patients	749	819	873	865	938	938	938	951	1.058	1.018	1.094	1.094	1.094	1.094
2022-04-28	ICU_patients	97	104	123	128	136	136	136	143	159	162	170	170	170	170
2022-04-28	7-day_hospitalizations_byMeldedatum	 4,91	5,79	7,42	6,68	6,53	6,38	5,69	5,69	5,79	5,5	6,41	6,83	7,27	8,06
2022-04-29	hospital_patients	726	749	819	873	865	938	938	938	951	1.058	1.018	1.094	1.094	1.094
2022-04-29	ICU_patients	99	97	104	123	128	136	136	136	143	159	162	170	170	170
2022-04-29	7-day_hospitalizations_byMeldedatum	 4,73	5,47	6,16	7,81	7	6,85	6,7	5,99	6,01	6,09	5,55	6,48	6,9	7,35
2022-05-04	hospital_patients		691	687	662	726	726	726	749	819	873	865	938	938	938	951
2022-05-04	ICU_patients		103	104	104	99	99	99	97	104	123	128	136	136	136	143
2022-05-04	7-day_hospitalizations_byMeldedatum	 	3,01	3,77	4,78	5,03	5,25	5,69	5,87	6,53	8,11	7,3	7,12	6,98	6,21	6,24
2022-05-17	hospital_patients	415	437	445	445	445	472	504	546	558	634	634	634	644	691
2022-05-17	ICU_patients	67	71	79	79	79	73	75	86	87	95	95	95	101	103
2022-05-17	7-day_hospitalizations_byMeldedatum	 1,7	2,14	2,19	2,44	2,46	2,81	2,74	2,96	3,16	3,35	3,3	3,67	3,92	4,39
2022-05-23	hospital_patients	331	356	356	356	353	395	415	437	445	445	445	472	504	546
2022-05-23	ICU_patients	63	63	63	63	66	65	67	71	79	79	79	73	75	86
2022-05-23	7-day_hospitalizations_byMeldedatum	 1,4	1,48	1,53	1,9	2,19	2,51	2,56	2,69	2,71	2,93	2,79	3,11	3,01	3,16
2022-05-27	hospital_patients	331	356	356	356	353	395	415	437	445	445	445	472	504	546
2022-05-27	ICU_patients	63	63	63	63	66	65	67	71	79	79	79	73	75	86
2022-05-27	7-day_hospitalizations_byMeldedatum	2,07	2,17	2,22	2,51	2,71	3,01	2,96	3,01	2,93	3,11	2,91	3,2	3,06	3,18

2022-05-04	hospital_patients	
2022-05-04	ICU_patients	
2022-05-04	7-day_hospitalizations_byMeldedatum	 
